-6,16,Ni4VeVJUddKMENGJ0T878cWYe8Y=,b4EWCpY5bgqv7EKjqlCWzM0cwuM=
-14,16,Ni4VeVJUddKMENGJ0T878cWYe8Y=,RselMPA6rftfF6OAwJbEhSnY//o=
-13,16,Ni4VeVJUddKMENGJ0T878cWYe8Y=,RselMPA6rftfF6OAwJbEhSnY//o=
-12,16,Ni4VeVJUddKMENGJ0T878cWYe8Y=,RselMPA6rftfF6OAwJbEhSnY//o=
-11,16,Ni4VeVJUddKMENGJ0T878cWYe8Y=,RselMPA6rftfF6OAwJbEhSnY//o=
-10,16,Ni4VeVJUddKMENGJ0T878cWYe8Y=,RselMPA6rftfF6OAwJbEhSnY//o=
-9,16,Ni4VeVJUddKMENGJ0T878cWYe8Y=,RselMPA6rftfF6OAwJbEhSnY//o=
-8,16,Ni4VeVJUddKMENGJ0T878cWYe8Y=,b4EWCpY5bgqv7EKjqlCWzM0cwuM=
-1,16,Ni4VeVJUddKMENGJ0T878cWYe8Y=,b4EWCpY5bgqv7EKjqlCWzM0cwuM=
-15,16,Ni4VeVJUddKMENGJ0T878cWYe8Y=,RselMPA6rftfF6OAwJbEhSnY//o=
-7,16,Ni4VeVJUddKMENGJ0T878cWYe8Y=,b4EWCpY5bgqv7EKjqlCWzM0cwuM=
-2,16,Ni4VeVJUddKMENGJ0T878cWYe8Y=,b4EWCpY5bgqv7EKjqlCWzM0cwuM=
-3,16,Ni4VeVJUddKMENGJ0T878cWYe8Y=,b4EWCpY5bgqv7EKjqlCWzM0cwuM=
-4,16,Ni4VeVJUddKMENGJ0T878cWYe8Y=,b4EWCpY5bgqv7EKjqlCWzM0cwuM=
-5,16,Ni4VeVJUddKMENGJ0T878cWYe8Y=,b4EWCpY5bgqv7EKjqlCWzM0cwuM=
-16,16,Ni4VeVJUddKMENGJ0T878cWYe8Y=,RselMPA6rftfF6OAwJbEhSnY//o=
-4,3,tdY5Jt/iLfPhNHN2L32SiV+SDws=,diJP9rwy2ovWHd9dV3qY65xJbx0=
-5,3,FMI0m+e845Gz60/x/Hp+V0ANq4o=,diJP9rwy2ovWHd9dV3qY65xJbx0=
-6,3,FMI0m+e845Gz60/x/Hp+V0ANq4o=,diJP9rwy2ovWHd9dV3qY65xJbx0=
-7,3,FMI0m+e845Gz60/x/Hp+V0ANq4o=,diJP9rwy2ovWHd9dV3qY65xJbx0=
-2,2,FMI0m+e845Gz60/x/Hp+V0ANq4o=,diJP9rwy2ovWHd9dV3qY65xJbx0=
-4,2,FMI0m+e845Gz60/x/Hp+V0ANq4o=,diJP9rwy2ovWHd9dV3qY65xJbx0=
-3,2,FMI0m+e845Gz60/x/Hp+V0ANq4o=,diJP9rwy2ovWHd9dV3qY65xJbx0=
-5,2,FMI0m+e845Gz60/x/Hp+V0ANq4o=,diJP9rwy2ovWHd9dV3qY65xJbx0=
-6,2,FMI0m+e845Gz60/x/Hp+V0ANq4o=,diJP9rwy2ovWHd9dV3qY65xJbx0=
-7,2,FMI0m+e845Gz60/x/Hp+V0ANq4o=,diJP9rwy2ovWHd9dV3qY65xJbx0=
-3,1,FMI0m+e845Gz60/x/Hp+V0ANq4o=,diJP9rwy2ovWHd9dV3qY65xJbx0=
-2,1,FMI0m+e845Gz60/x/Hp+V0ANq4o=,diJP9rwy2ovWHd9dV3qY65xJbx0=
-4,6,FMI0m+e845Gz60/x/Hp+V0ANq4o=,diJP9rwy2ovWHd9dV3qY65xJbx0=
-3,6,FMI0m+e845Gz60/x/Hp+V0ANq4o=,diJP9rwy2ovWHd9dV3qY65xJbx0=
-2,6,FMI0m+e845Gz60/x/Hp+V0ANq4o=,diJP9rwy2ovWHd9dV3qY65xJbx0=
-4,1,FMI0m+e845Gz60/x/Hp+V0ANq4o=,diJP9rwy2ovWHd9dV3qY65xJbx0=
-6,6,FMI0m+e845Gz60/x/Hp+V0ANq4o=,diJP9rwy2ovWHd9dV3qY65xJbx0=
-7,6,FMI0m+e845Gz60/x/Hp+V0ANq4o=,diJP9rwy2ovWHd9dV3qY65xJbx0=
-5,1,FMI0m+e845Gz60/x/Hp+V0ANq4o=,diJP9rwy2ovWHd9dV3qY65xJbx0=
-5,6,FMI0m+e845Gz60/x/Hp+V0ANq4o=,diJP9rwy2ovWHd9dV3qY65xJbx0=
-6,1,FMI0m+e845Gz60/x/Hp+V0ANq4o=,diJP9rwy2ovWHd9dV3qY65xJbx0=
-7,1,FMI0m+e845Gz60/x/Hp+V0ANq4o=,diJP9rwy2ovWHd9dV3qY65xJbx0=
-2,5,FMI0m+e845Gz60/x/Hp+V0ANq4o=,diJP9rwy2ovWHd9dV3qY65xJbx0=
-4,5,FMI0m+e845Gz60/x/Hp+V0ANq4o=,diJP9rwy2ovWHd9dV3qY65xJbx0=
-5,5,FMI0m+e845Gz60/x/Hp+V0ANq4o=,diJP9rwy2ovWHd9dV3qY65xJbx0=
-3,5,FMI0m+e845Gz60/x/Hp+V0ANq4o=,diJP9rwy2ovWHd9dV3qY65xJbx0=
-6,5,FMI0m+e845Gz60/x/Hp+V0ANq4o=,diJP9rwy2ovWHd9dV3qY65xJbx0=
-7,5,FMI0m+e845Gz60/x/Hp+V0ANq4o=,diJP9rwy2ovWHd9dV3qY65xJbx0=
-2,4,FMI0m+e845Gz60/x/Hp+V0ANq4o=,diJP9rwy2ovWHd9dV3qY65xJbx0=
-4,4,FMI0m+e845Gz60/x/Hp+V0ANq4o=,diJP9rwy2ovWHd9dV3qY65xJbx0=
-3,4,FMI0m+e845Gz60/x/Hp+V0ANq4o=,diJP9rwy2ovWHd9dV3qY65xJbx0=
-5,4,FMI0m+e845Gz60/x/Hp+V0ANq4o=,diJP9rwy2ovWHd9dV3qY65xJbx0=
-6,4,FMI0m+e845Gz60/x/Hp+V0ANq4o=,diJP9rwy2ovWHd9dV3qY65xJbx0=
-7,4,FMI0m+e845Gz60/x/Hp+V0ANq4o=,diJP9rwy2ovWHd9dV3qY65xJbx0=
-2,3,FMI0m+e845Gz60/x/Hp+V0ANq4o=,diJP9rwy2ovWHd9dV3qY65xJbx0=
-3,3,FMI0m+e845Gz60/x/Hp+V0ANq4o=,diJP9rwy2ovWHd9dV3qY65xJbx0=
-10,5,c5SacbLQTiKTYGWFGxwNujEY5gc=,s/TvqeoNgiBVXynR1INFDru4Zjs=
-9,5,c5SacbLQTiKTYGWFGxwNujEY5gc=,s/TvqeoNgiBVXynR1INFDru4Zjs=
-14,1,c5SacbLQTiKTYGWFGxwNujEY5gc=,s/TvqeoNgiBVXynR1INFDru4Zjs=
-8,4,FMI0m+e845Gz60/x/Hp+V0ANq4o=,diJP9rwy2ovWHd9dV3qY65xJbx0=
-13,1,c5SacbLQTiKTYGWFGxwNujEY5gc=,s/TvqeoNgiBVXynR1INFDru4Zjs=
-12,1,c5SacbLQTiKTYGWFGxwNujEY5gc=,s/TvqeoNgiBVXynR1INFDru4Zjs=
-15,3,c5SacbLQTiKTYGWFGxwNujEY5gc=,s/TvqeoNgiBVXynR1INFDru4Zjs=
-11,1,c5SacbLQTiKTYGWFGxwNujEY5gc=,s/TvqeoNgiBVXynR1INFDru4Zjs=
-15,4,c5SacbLQTiKTYGWFGxwNujEY5gc=,s/TvqeoNgiBVXynR1INFDru4Zjs=
-10,1,c5SacbLQTiKTYGWFGxwNujEY5gc=,s/TvqeoNgiBVXynR1INFDru4Zjs=
-14,4,c5SacbLQTiKTYGWFGxwNujEY5gc=,s/TvqeoNgiBVXynR1INFDru4Zjs=
-8,5,FMI0m+e845Gz60/x/Hp+V0ANq4o=,diJP9rwy2ovWHd9dV3qY65xJbx0=
-15,2,c5SacbLQTiKTYGWFGxwNujEY5gc=,s/TvqeoNgiBVXynR1INFDru4Zjs=
-15,1,c5SacbLQTiKTYGWFGxwNujEY5gc=,s/TvqeoNgiBVXynR1INFDru4Zjs=
-13,4,c5SacbLQTiKTYGWFGxwNujEY5gc=,s/TvqeoNgiBVXynR1INFDru4Zjs=
-9,1,c5SacbLQTiKTYGWFGxwNujEY5gc=,s/TvqeoNgiBVXynR1INFDru4Zjs=
-14,2,c5SacbLQTiKTYGWFGxwNujEY5gc=,s/TvqeoNgiBVXynR1INFDru4Zjs=
-13,2,c5SacbLQTiKTYGWFGxwNujEY5gc=,s/TvqeoNgiBVXynR1INFDru4Zjs=
-12,2,c5SacbLQTiKTYGWFGxwNujEY5gc=,s/TvqeoNgiBVXynR1INFDru4Zjs=
-4,13,WgAWO+/1HYT/RIRGmRlrRrIXz/U=,1SD68JNDiX1CZ7G8nkYLozYYP9A=
-5,13,FMI0m+e845Gz60/x/Hp+V0ANq4o=,1SD68JNDiX1CZ7G8nkYLozYYP9A=
-11,2,c5SacbLQTiKTYGWFGxwNujEY5gc=,s/TvqeoNgiBVXynR1INFDru4Zjs=
-7,8,FMI0m+e845Gz60/x/Hp+V0ANq4o=,1SD68JNDiX1CZ7G8nkYLozYYP9A=
-10,2,c5SacbLQTiKTYGWFGxwNujEY5gc=,s/TvqeoNgiBVXynR1INFDru4Zjs=
-6,8,FMI0m+e845Gz60/x/Hp+V0ANq4o=,1SD68JNDiX1CZ7G8nkYLozYYP9A=
-9,2,c5SacbLQTiKTYGWFGxwNujEY5gc=,s/TvqeoNgiBVXynR1INFDru4Zjs=
-5,8,FMI0m+e845Gz60/x/Hp+V0ANq4o=,1SD68JNDiX1CZ7G8nkYLozYYP9A=
-12,4,c5SacbLQTiKTYGWFGxwNujEY5gc=,s/TvqeoNgiBVXynR1INFDru4Zjs=
-6,13,FMI0m+e845Gz60/x/Hp+V0ANq4o=,1SD68JNDiX1CZ7G8nkYLozYYP9A=
-15,5,c5SacbLQTiKTYGWFGxwNujEY5gc=,s/TvqeoNgiBVXynR1INFDru4Zjs=
-4,8,FMI0m+e845Gz60/x/Hp+V0ANq4o=,1SD68JNDiX1CZ7G8nkYLozYYP9A=
-14,3,c5SacbLQTiKTYGWFGxwNujEY5gc=,s/TvqeoNgiBVXynR1INFDru4Zjs=
-11,4,c5SacbLQTiKTYGWFGxwNujEY5gc=,s/TvqeoNgiBVXynR1INFDru4Zjs=
-3,8,FMI0m+e845Gz60/x/Hp+V0ANq4o=,1SD68JNDiX1CZ7G8nkYLozYYP9A=
-14,5,c5SacbLQTiKTYGWFGxwNujEY5gc=,s/TvqeoNgiBVXynR1INFDru4Zjs=
-2,8,FMI0m+e845Gz60/x/Hp+V0ANq4o=,1SD68JNDiX1CZ7G8nkYLozYYP9A=
-15,6,c5SacbLQTiKTYGWFGxwNujEY5gc=,s/TvqeoNgiBVXynR1INFDru4Zjs=
-7,9,FMI0m+e845Gz60/x/Hp+V0ANq4o=,1SD68JNDiX1CZ7G8nkYLozYYP9A=
-13,5,c5SacbLQTiKTYGWFGxwNujEY5gc=,s/TvqeoNgiBVXynR1INFDru4Zjs=
-3,13,FMI0m+e845Gz60/x/Hp+V0ANq4o=,1SD68JNDiX1CZ7G8nkYLozYYP9A=
-14,6,c5SacbLQTiKTYGWFGxwNujEY5gc=,s/TvqeoNgiBVXynR1INFDru4Zjs=
-6,9,FMI0m+e845Gz60/x/Hp+V0ANq4o=,1SD68JNDiX1CZ7G8nkYLozYYP9A=
-12,5,c5SacbLQTiKTYGWFGxwNujEY5gc=,s/TvqeoNgiBVXynR1INFDru4Zjs=
-8,1,FMI0m+e845Gz60/x/Hp+V0ANq4o=,diJP9rwy2ovWHd9dV3qY65xJbx0=
-13,3,c5SacbLQTiKTYGWFGxwNujEY5gc=,s/TvqeoNgiBVXynR1INFDru4Zjs=
-8,6,FMI0m+e845Gz60/x/Hp+V0ANq4o=,diJP9rwy2ovWHd9dV3qY65xJbx0=
-10,4,c5SacbLQTiKTYGWFGxwNujEY5gc=,s/TvqeoNgiBVXynR1INFDru4Zjs=
-12,3,c5SacbLQTiKTYGWFGxwNujEY5gc=,s/TvqeoNgiBVXynR1INFDru4Zjs=
-11,3,c5SacbLQTiKTYGWFGxwNujEY5gc=,s/TvqeoNgiBVXynR1INFDru4Zjs=
-10,3,c5SacbLQTiKTYGWFGxwNujEY5gc=,s/TvqeoNgiBVXynR1INFDru4Zjs=
-8,2,FMI0m+e845Gz60/x/Hp+V0ANq4o=,diJP9rwy2ovWHd9dV3qY65xJbx0=
-5,9,FMI0m+e845Gz60/x/Hp+V0ANq4o=,1SD68JNDiX1CZ7G8nkYLozYYP9A=
-13,6,c5SacbLQTiKTYGWFGxwNujEY5gc=,s/TvqeoNgiBVXynR1INFDru4Zjs=
-11,5,c5SacbLQTiKTYGWFGxwNujEY5gc=,s/TvqeoNgiBVXynR1INFDru4Zjs=
-4,9,FMI0m+e845Gz60/x/Hp+V0ANq4o=,1SD68JNDiX1CZ7G8nkYLozYYP9A=
-8,3,FMI0m+e845Gz60/x/Hp+V0ANq4o=,diJP9rwy2ovWHd9dV3qY65xJbx0=
-9,3,c5SacbLQTiKTYGWFGxwNujEY5gc=,s/TvqeoNgiBVXynR1INFDru4Zjs=
-7,13,FMI0m+e845Gz60/x/Hp+V0ANq4o=,1SD68JNDiX1CZ7G8nkYLozYYP9A=
-3,9,FMI0m+e845Gz60/x/Hp+V0ANq4o=,1SD68JNDiX1CZ7G8nkYLozYYP9A=
-10,6,c5SacbLQTiKTYGWFGxwNujEY5gc=,s/TvqeoNgiBVXynR1INFDru4Zjs=
-9,6,c5SacbLQTiKTYGWFGxwNujEY5gc=,s/TvqeoNgiBVXynR1INFDru4Zjs=
-2,9,FMI0m+e845Gz60/x/Hp+V0ANq4o=,1SD68JNDiX1CZ7G8nkYLozYYP9A=
-2,7,FMI0m+e845Gz60/x/Hp+V0ANq4o=,diJP9rwy2ovWHd9dV3qY65xJbx0=
-9,4,c5SacbLQTiKTYGWFGxwNujEY5gc=,s/TvqeoNgiBVXynR1INFDru4Zjs=
-7,10,FMI0m+e845Gz60/x/Hp+V0ANq4o=,1SD68JNDiX1CZ7G8nkYLozYYP9A=
-12,6,c5SacbLQTiKTYGWFGxwNujEY5gc=,s/TvqeoNgiBVXynR1INFDru4Zjs=
-11,6,c5SacbLQTiKTYGWFGxwNujEY5gc=,s/TvqeoNgiBVXynR1INFDru4Zjs=
-3,7,FMI0m+e845Gz60/x/Hp+V0ANq4o=,diJP9rwy2ovWHd9dV3qY65xJbx0=
-6,10,FMI0m+e845Gz60/x/Hp+V0ANq4o=,1SD68JNDiX1CZ7G8nkYLozYYP9A=
-2,12,FMI0m+e845Gz60/x/Hp+V0ANq4o=,1SD68JNDiX1CZ7G8nkYLozYYP9A=
-3,12,FMI0m+e845Gz60/x/Hp+V0ANq4o=,1SD68JNDiX1CZ7G8nkYLozYYP9A=
-5,10,FMI0m+e845Gz60/x/Hp+V0ANq4o=,1SD68JNDiX1CZ7G8nkYLozYYP9A=
-4,7,FMI0m+e845Gz60/x/Hp+V0ANq4o=,diJP9rwy2ovWHd9dV3qY65xJbx0=
-5,7,FMI0m+e845Gz60/x/Hp+V0ANq4o=,diJP9rwy2ovWHd9dV3qY65xJbx0=
-6,7,FMI0m+e845Gz60/x/Hp+V0ANq4o=,diJP9rwy2ovWHd9dV3qY65xJbx0=
-4,10,FMI0m+e845Gz60/x/Hp+V0ANq4o=,1SD68JNDiX1CZ7G8nkYLozYYP9A=
-7,7,FMI0m+e845Gz60/x/Hp+V0ANq4o=,diJP9rwy2ovWHd9dV3qY65xJbx0=
-4,12,FMI0m+e845Gz60/x/Hp+V0ANq4o=,1SD68JNDiX1CZ7G8nkYLozYYP9A=
-3,10,FMI0m+e845Gz60/x/Hp+V0ANq4o=,1SD68JNDiX1CZ7G8nkYLozYYP9A=
-5,12,FMI0m+e845Gz60/x/Hp+V0ANq4o=,1SD68JNDiX1CZ7G8nkYLozYYP9A=
-6,12,FMI0m+e845Gz60/x/Hp+V0ANq4o=,1SD68JNDiX1CZ7G8nkYLozYYP9A=
-2,10,FMI0m+e845Gz60/x/Hp+V0ANq4o=,1SD68JNDiX1CZ7G8nkYLozYYP9A=
-2,11,FMI0m+e845Gz60/x/Hp+V0ANq4o=,1SD68JNDiX1CZ7G8nkYLozYYP9A=
-2,13,FMI0m+e845Gz60/x/Hp+V0ANq4o=,1SD68JNDiX1CZ7G8nkYLozYYP9A=
-7,11,FMI0m+e845Gz60/x/Hp+V0ANq4o=,1SD68JNDiX1CZ7G8nkYLozYYP9A=
-6,11,FMI0m+e845Gz60/x/Hp+V0ANq4o=,1SD68JNDiX1CZ7G8nkYLozYYP9A=
-5,11,FMI0m+e845Gz60/x/Hp+V0ANq4o=,1SD68JNDiX1CZ7G8nkYLozYYP9A=
-7,12,FMI0m+e845Gz60/x/Hp+V0ANq4o=,1SD68JNDiX1CZ7G8nkYLozYYP9A=
-7,14,FMI0m+e845Gz60/x/Hp+V0ANq4o=,1SD68JNDiX1CZ7G8nkYLozYYP9A=
-4,11,FMI0m+e845Gz60/x/Hp+V0ANq4o=,1SD68JNDiX1CZ7G8nkYLozYYP9A=
-6,14,FMI0m+e845Gz60/x/Hp+V0ANq4o=,1SD68JNDiX1CZ7G8nkYLozYYP9A=
-5,14,FMI0m+e845Gz60/x/Hp+V0ANq4o=,1SD68JNDiX1CZ7G8nkYLozYYP9A=
-4,14,FMI0m+e845Gz60/x/Hp+V0ANq4o=,1SD68JNDiX1CZ7G8nkYLozYYP9A=
-3,14,FMI0m+e845Gz60/x/Hp+V0ANq4o=,1SD68JNDiX1CZ7G8nkYLozYYP9A=
-2,14,FMI0m+e845Gz60/x/Hp+V0ANq4o=,1SD68JNDiX1CZ7G8nkYLozYYP9A=
-3,11,FMI0m+e845Gz60/x/Hp+V0ANq4o=,1SD68JNDiX1CZ7G8nkYLozYYP9A=
-12,7,c5SacbLQTiKTYGWFGxwNujEY5gc=,s/TvqeoNgiBVXynR1INFDru4Zjs=
-11,7,c5SacbLQTiKTYGWFGxwNujEY5gc=,s/TvqeoNgiBVXynR1INFDru4Zjs=
-8,8,FMI0m+e845Gz60/x/Hp+V0ANq4o=,1SD68JNDiX1CZ7G8nkYLozYYP9A=
-10,7,c5SacbLQTiKTYGWFGxwNujEY5gc=,s/TvqeoNgiBVXynR1INFDru4Zjs=
-8,9,FMI0m+e845Gz60/x/Hp+V0ANq4o=,1SD68JNDiX1CZ7G8nkYLozYYP9A=
-9,7,c5SacbLQTiKTYGWFGxwNujEY5gc=,s/TvqeoNgiBVXynR1INFDru4Zjs=
-8,10,FMI0m+e845Gz60/x/Hp+V0ANq4o=,1SD68JNDiX1CZ7G8nkYLozYYP9A=
-15,8,c5SacbLQTiKTYGWFGxwNujEY5gc=,5dnDnJRLhLO0c9WboWCtyCC1Kzg=
-14,8,c5SacbLQTiKTYGWFGxwNujEY5gc=,5dnDnJRLhLO0c9WboWCtyCC1Kzg=
-13,8,c5SacbLQTiKTYGWFGxwNujEY5gc=,5dnDnJRLhLO0c9WboWCtyCC1Kzg=
-12,8,c5SacbLQTiKTYGWFGxwNujEY5gc=,5dnDnJRLhLO0c9WboWCtyCC1Kzg=
-11,8,c5SacbLQTiKTYGWFGxwNujEY5gc=,5dnDnJRLhLO0c9WboWCtyCC1Kzg=
-10,8,c5SacbLQTiKTYGWFGxwNujEY5gc=,5dnDnJRLhLO0c9WboWCtyCC1Kzg=
-9,8,c5SacbLQTiKTYGWFGxwNujEY5gc=,5dnDnJRLhLO0c9WboWCtyCC1Kzg=
-15,9,c5SacbLQTiKTYGWFGxwNujEY5gc=,5dnDnJRLhLO0c9WboWCtyCC1Kzg=
-13,7,c5SacbLQTiKTYGWFGxwNujEY5gc=,s/TvqeoNgiBVXynR1INFDru4Zjs=
-14,9,c5SacbLQTiKTYGWFGxwNujEY5gc=,5dnDnJRLhLO0c9WboWCtyCC1Kzg=
-13,9,c5SacbLQTiKTYGWFGxwNujEY5gc=,5dnDnJRLhLO0c9WboWCtyCC1Kzg=
-14,7,c5SacbLQTiKTYGWFGxwNujEY5gc=,s/TvqeoNgiBVXynR1INFDru4Zjs=
-12,9,c5SacbLQTiKTYGWFGxwNujEY5gc=,5dnDnJRLhLO0c9WboWCtyCC1Kzg=
-8,13,FMI0m+e845Gz60/x/Hp+V0ANq4o=,1SD68JNDiX1CZ7G8nkYLozYYP9A=
-15,7,c5SacbLQTiKTYGWFGxwNujEY5gc=,s/TvqeoNgiBVXynR1INFDru4Zjs=
-9,14,c5SacbLQTiKTYGWFGxwNujEY5gc=,5dnDnJRLhLO0c9WboWCtyCC1Kzg=
-8,7,FMI0m+e845Gz60/x/Hp+V0ANq4o=,diJP9rwy2ovWHd9dV3qY65xJbx0=
-11,9,c5SacbLQTiKTYGWFGxwNujEY5gc=,5dnDnJRLhLO0c9WboWCtyCC1Kzg=
-10,14,c5SacbLQTiKTYGWFGxwNujEY5gc=,5dnDnJRLhLO0c9WboWCtyCC1Kzg=
-8,12,FMI0m+e845Gz60/x/Hp+V0ANq4o=,1SD68JNDiX1CZ7G8nkYLozYYP9A=
-10,9,c5SacbLQTiKTYGWFGxwNujEY5gc=,5dnDnJRLhLO0c9WboWCtyCC1Kzg=
-11,14,c5SacbLQTiKTYGWFGxwNujEY5gc=,5dnDnJRLhLO0c9WboWCtyCC1Kzg=
-12,14,c5SacbLQTiKTYGWFGxwNujEY5gc=,5dnDnJRLhLO0c9WboWCtyCC1Kzg=
-13,14,c5SacbLQTiKTYGWFGxwNujEY5gc=,5dnDnJRLhLO0c9WboWCtyCC1Kzg=
-9,9,c5SacbLQTiKTYGWFGxwNujEY5gc=,5dnDnJRLhLO0c9WboWCtyCC1Kzg=
-14,14,c5SacbLQTiKTYGWFGxwNujEY5gc=,5dnDnJRLhLO0c9WboWCtyCC1Kzg=
-15,14,c5SacbLQTiKTYGWFGxwNujEY5gc=,5dnDnJRLhLO0c9WboWCtyCC1Kzg=
-8,14,FMI0m+e845Gz60/x/Hp+V0ANq4o=,1SD68JNDiX1CZ7G8nkYLozYYP9A=
-9,13,c5SacbLQTiKTYGWFGxwNujEY5gc=,5dnDnJRLhLO0c9WboWCtyCC1Kzg=
-8,11,FMI0m+e845Gz60/x/Hp+V0ANq4o=,1SD68JNDiX1CZ7G8nkYLozYYP9A=
-15,10,c5SacbLQTiKTYGWFGxwNujEY5gc=,5dnDnJRLhLO0c9WboWCtyCC1Kzg=
-10,13,c5SacbLQTiKTYGWFGxwNujEY5gc=,5dnDnJRLhLO0c9WboWCtyCC1Kzg=
-14,10,c5SacbLQTiKTYGWFGxwNujEY5gc=,5dnDnJRLhLO0c9WboWCtyCC1Kzg=
-11,13,c5SacbLQTiKTYGWFGxwNujEY5gc=,5dnDnJRLhLO0c9WboWCtyCC1Kzg=
-13,10,c5SacbLQTiKTYGWFGxwNujEY5gc=,5dnDnJRLhLO0c9WboWCtyCC1Kzg=
-12,13,c5SacbLQTiKTYGWFGxwNujEY5gc=,5dnDnJRLhLO0c9WboWCtyCC1Kzg=
-12,10,c5SacbLQTiKTYGWFGxwNujEY5gc=,5dnDnJRLhLO0c9WboWCtyCC1Kzg=
-13,13,c5SacbLQTiKTYGWFGxwNujEY5gc=,5dnDnJRLhLO0c9WboWCtyCC1Kzg=
-11,10,c5SacbLQTiKTYGWFGxwNujEY5gc=,5dnDnJRLhLO0c9WboWCtyCC1Kzg=
-14,13,c5SacbLQTiKTYGWFGxwNujEY5gc=,5dnDnJRLhLO0c9WboWCtyCC1Kzg=
-10,10,c5SacbLQTiKTYGWFGxwNujEY5gc=,5dnDnJRLhLO0c9WboWCtyCC1Kzg=
-15,13,c5SacbLQTiKTYGWFGxwNujEY5gc=,5dnDnJRLhLO0c9WboWCtyCC1Kzg=
-9,10,c5SacbLQTiKTYGWFGxwNujEY5gc=,5dnDnJRLhLO0c9WboWCtyCC1Kzg=
-9,12,c5SacbLQTiKTYGWFGxwNujEY5gc=,5dnDnJRLhLO0c9WboWCtyCC1Kzg=
-15,11,c5SacbLQTiKTYGWFGxwNujEY5gc=,5dnDnJRLhLO0c9WboWCtyCC1Kzg=
-10,12,c5SacbLQTiKTYGWFGxwNujEY5gc=,5dnDnJRLhLO0c9WboWCtyCC1Kzg=
-14,11,c5SacbLQTiKTYGWFGxwNujEY5gc=,5dnDnJRLhLO0c9WboWCtyCC1Kzg=
-11,12,c5SacbLQTiKTYGWFGxwNujEY5gc=,5dnDnJRLhLO0c9WboWCtyCC1Kzg=
-13,11,c5SacbLQTiKTYGWFGxwNujEY5gc=,5dnDnJRLhLO0c9WboWCtyCC1Kzg=
-12,11,c5SacbLQTiKTYGWFGxwNujEY5gc=,5dnDnJRLhLO0c9WboWCtyCC1Kzg=
-12,12,c5SacbLQTiKTYGWFGxwNujEY5gc=,5dnDnJRLhLO0c9WboWCtyCC1Kzg=
-11,11,c5SacbLQTiKTYGWFGxwNujEY5gc=,5dnDnJRLhLO0c9WboWCtyCC1Kzg=
-13,12,c5SacbLQTiKTYGWFGxwNujEY5gc=,5dnDnJRLhLO0c9WboWCtyCC1Kzg=
-10,11,c5SacbLQTiKTYGWFGxwNujEY5gc=,5dnDnJRLhLO0c9WboWCtyCC1Kzg=
-14,12,c5SacbLQTiKTYGWFGxwNujEY5gc=,5dnDnJRLhLO0c9WboWCtyCC1Kzg=
-15,12,c5SacbLQTiKTYGWFGxwNujEY5gc=,5dnDnJRLhLO0c9WboWCtyCC1Kzg=
-9,11,c5SacbLQTiKTYGWFGxwNujEY5gc=,5dnDnJRLhLO0c9WboWCtyCC1Kzg=
-1,9,FMI0m+e845Gz60/x/Hp+V0ANq4o=,1SD68JNDiX1CZ7G8nkYLozYYP9A=
-6,0,FMI0m+e845Gz60/x/Hp+V0ANq4o=,diJP9rwy2ovWHd9dV3qY65xJbx0=
-7,0,FMI0m+e845Gz60/x/Hp+V0ANq4o=,diJP9rwy2ovWHd9dV3qY65xJbx0=
-1,3,FMI0m+e845Gz60/x/Hp+V0ANq4o=,diJP9rwy2ovWHd9dV3qY65xJbx0=
-5,0,FMI0m+e845Gz60/x/Hp+V0ANq4o=,diJP9rwy2ovWHd9dV3qY65xJbx0=
-4,0,FMI0m+e845Gz60/x/Hp+V0ANq4o=,diJP9rwy2ovWHd9dV3qY65xJbx0=
-3,0,FMI0m+e845Gz60/x/Hp+V0ANq4o=,diJP9rwy2ovWHd9dV3qY65xJbx0=
-1,8,FMI0m+e845Gz60/x/Hp+V0ANq4o=,1SD68JNDiX1CZ7G8nkYLozYYP9A=
-14,0,z5fB0xzW1vXvSowOco6ZB0FNjyQ=,s/TvqeoNgiBVXynR1INFDru4Zjs=
-2,0,FMI0m+e845Gz60/x/Hp+V0ANq4o=,diJP9rwy2ovWHd9dV3qY65xJbx0=
-13,0,z5fB0xzW1vXvSowOco6ZB0FNjyQ=,s/TvqeoNgiBVXynR1INFDru4Zjs=
-1,4,FMI0m+e845Gz60/x/Hp+V0ANq4o=,diJP9rwy2ovWHd9dV3qY65xJbx0=
-12,0,z5fB0xzW1vXvSowOco6ZB0FNjyQ=,s/TvqeoNgiBVXynR1INFDru4Zjs=
-11,0,z5fB0xzW1vXvSowOco6ZB0FNjyQ=,s/TvqeoNgiBVXynR1INFDru4Zjs=
-1,5,FMI0m+e845Gz60/x/Hp+V0ANq4o=,diJP9rwy2ovWHd9dV3qY65xJbx0=
-10,0,z5fB0xzW1vXvSowOco6ZB0FNjyQ=,s/TvqeoNgiBVXynR1INFDru4Zjs=
-1,6,FMI0m+e845Gz60/x/Hp+V0ANq4o=,diJP9rwy2ovWHd9dV3qY65xJbx0=
-9,0,z5fB0xzW1vXvSowOco6ZB0FNjyQ=,s/TvqeoNgiBVXynR1INFDru4Zjs=
-1,1,FMI0m+e845Gz60/x/Hp+V0ANq4o=,diJP9rwy2ovWHd9dV3qY65xJbx0=
-15,0,z5fB0xzW1vXvSowOco6ZB0FNjyQ=,s/TvqeoNgiBVXynR1INFDru4Zjs=
-1,2,FMI0m+e845Gz60/x/Hp+V0ANq4o=,diJP9rwy2ovWHd9dV3qY65xJbx0=
-1,7,FMI0m+e845Gz60/x/Hp+V0ANq4o=,diJP9rwy2ovWHd9dV3qY65xJbx0=
-1,12,FMI0m+e845Gz60/x/Hp+V0ANq4o=,1SD68JNDiX1CZ7G8nkYLozYYP9A=
-8,0,FMI0m+e845Gz60/x/Hp+V0ANq4o=,diJP9rwy2ovWHd9dV3qY65xJbx0=
-1,11,FMI0m+e845Gz60/x/Hp+V0ANq4o=,1SD68JNDiX1CZ7G8nkYLozYYP9A=
-1,13,FMI0m+e845Gz60/x/Hp+V0ANq4o=,1SD68JNDiX1CZ7G8nkYLozYYP9A=
-1,14,FMI0m+e845Gz60/x/Hp+V0ANq4o=,1SD68JNDiX1CZ7G8nkYLozYYP9A=
-1,10,FMI0m+e845Gz60/x/Hp+V0ANq4o=,1SD68JNDiX1CZ7G8nkYLozYYP9A=
-16,6,KUTWM1UDMm8g77TPhHETE3PZikc=,s/TvqeoNgiBVXynR1INFDru4Zjs=
-16,8,KUTWM1UDMm8g77TPhHETE3PZikc=,5dnDnJRLhLO0c9WboWCtyCC1Kzg=
-16,3,KUTWM1UDMm8g77TPhHETE3PZikc=,s/TvqeoNgiBVXynR1INFDru4Zjs=
-16,1,KUTWM1UDMm8g77TPhHETE3PZikc=,s/TvqeoNgiBVXynR1INFDru4Zjs=
-16,9,KUTWM1UDMm8g77TPhHETE3PZikc=,5dnDnJRLhLO0c9WboWCtyCC1Kzg=
-16,5,KUTWM1UDMm8g77TPhHETE3PZikc=,s/TvqeoNgiBVXynR1INFDru4Zjs=
-16,10,KUTWM1UDMm8g77TPhHETE3PZikc=,5dnDnJRLhLO0c9WboWCtyCC1Kzg=
-16,7,KUTWM1UDMm8g77TPhHETE3PZikc=,s/TvqeoNgiBVXynR1INFDru4Zjs=
-16,4,KUTWM1UDMm8g77TPhHETE3PZikc=,s/TvqeoNgiBVXynR1INFDru4Zjs=
-16,11,KUTWM1UDMm8g77TPhHETE3PZikc=,5dnDnJRLhLO0c9WboWCtyCC1Kzg=
-16,14,KUTWM1UDMm8g77TPhHETE3PZikc=,5dnDnJRLhLO0c9WboWCtyCC1Kzg=
-16,13,KUTWM1UDMm8g77TPhHETE3PZikc=,5dnDnJRLhLO0c9WboWCtyCC1Kzg=
-16,12,KUTWM1UDMm8g77TPhHETE3PZikc=,5dnDnJRLhLO0c9WboWCtyCC1Kzg=
-16,2,KUTWM1UDMm8g77TPhHETE3PZikc=,s/TvqeoNgiBVXynR1INFDru4Zjs=
-12,15,KUTWM1UDMm8g77TPhHETE3PZikc=,5dnDnJRLhLO0c9WboWCtyCC1Kzg=
-11,15,KUTWM1UDMm8g77TPhHETE3PZikc=,5dnDnJRLhLO0c9WboWCtyCC1Kzg=
-13,15,KUTWM1UDMm8g77TPhHETE3PZikc=,5dnDnJRLhLO0c9WboWCtyCC1Kzg=
-10,15,KUTWM1UDMm8g77TPhHETE3PZikc=,5dnDnJRLhLO0c9WboWCtyCC1Kzg=
-9,15,KUTWM1UDMm8g77TPhHETE3PZikc=,5dnDnJRLhLO0c9WboWCtyCC1Kzg=
-2,15,FMI0m+e845Gz60/x/Hp+V0ANq4o=,1SD68JNDiX1CZ7G8nkYLozYYP9A=
-15,15,KUTWM1UDMm8g77TPhHETE3PZikc=,5dnDnJRLhLO0c9WboWCtyCC1Kzg=
-8,15,FMI0m+e845Gz60/x/Hp+V0ANq4o=,1SD68JNDiX1CZ7G8nkYLozYYP9A=
-14,15,KUTWM1UDMm8g77TPhHETE3PZikc=,5dnDnJRLhLO0c9WboWCtyCC1Kzg=
-3,15,FMI0m+e845Gz60/x/Hp+V0ANq4o=,1SD68JNDiX1CZ7G8nkYLozYYP9A=
-7,15,FMI0m+e845Gz60/x/Hp+V0ANq4o=,1SD68JNDiX1CZ7G8nkYLozYYP9A=
-4,15,FMI0m+e845Gz60/x/Hp+V0ANq4o=,1SD68JNDiX1CZ7G8nkYLozYYP9A=
-5,15,FMI0m+e845Gz60/x/Hp+V0ANq4o=,1SD68JNDiX1CZ7G8nkYLozYYP9A=
-6,15,FMI0m+e845Gz60/x/Hp+V0ANq4o=,1SD68JNDiX1CZ7G8nkYLozYYP9A=
-16,0,KUTWM1UDMm8g77TPhHETE3PZikc=,s/TvqeoNgiBVXynR1INFDru4Zjs=
-16,15,KUTWM1UDMm8g77TPhHETE3PZikc=,5dnDnJRLhLO0c9WboWCtyCC1Kzg=
-1,15,FMI0m+e845Gz60/x/Hp+V0ANq4o=,1SD68JNDiX1CZ7G8nkYLozYYP9A=
-1,0,FMI0m+e845Gz60/x/Hp+V0ANq4o=,diJP9rwy2ovWHd9dV3qY65xJbx0=
-24,0,FRQ7L6VzYVqaMtVwkojiC80vsXA=,PVAqaPKwisWaYlEbFKegbucKmxw=
-17,6,JSZuqqW+uS5x+ubvlXzCoQKY4eI=,PVAqaPKwisWaYlEbFKegbucKmxw=
-18,6,ioWyz6dH3x/Iwaa6VXNE/s2b5K4=,PVAqaPKwisWaYlEbFKegbucKmxw=
-19,6,ioWyz6dH3x/Iwaa6VXNE/s2b5K4=,PVAqaPKwisWaYlEbFKegbucKmxw=
-20,6,ioWyz6dH3x/Iwaa6VXNE/s2b5K4=,PVAqaPKwisWaYlEbFKegbucKmxw=
-21,6,ioWyz6dH3x/Iwaa6VXNE/s2b5K4=,PVAqaPKwisWaYlEbFKegbucKmxw=
-22,6,ioWyz6dH3x/Iwaa6VXNE/s2b5K4=,PVAqaPKwisWaYlEbFKegbucKmxw=
-23,6,ioWyz6dH3x/Iwaa6VXNE/s2b5K4=,PVAqaPKwisWaYlEbFKegbucKmxw=
-24,6,ioWyz6dH3x/Iwaa6VXNE/s2b5K4=,PVAqaPKwisWaYlEbFKegbucKmxw=
-18,5,ioWyz6dH3x/Iwaa6VXNE/s2b5K4=,PVAqaPKwisWaYlEbFKegbucKmxw=
-17,5,ioWyz6dH3x/Iwaa6VXNE/s2b5K4=,PVAqaPKwisWaYlEbFKegbucKmxw=
-20,5,ioWyz6dH3x/Iwaa6VXNE/s2b5K4=,PVAqaPKwisWaYlEbFKegbucKmxw=
-22,5,ioWyz6dH3x/Iwaa6VXNE/s2b5K4=,PVAqaPKwisWaYlEbFKegbucKmxw=
-23,5,ioWyz6dH3x/Iwaa6VXNE/s2b5K4=,PVAqaPKwisWaYlEbFKegbucKmxw=
-24,5,ioWyz6dH3x/Iwaa6VXNE/s2b5K4=,PVAqaPKwisWaYlEbFKegbucKmxw=
-21,5,ioWyz6dH3x/Iwaa6VXNE/s2b5K4=,PVAqaPKwisWaYlEbFKegbucKmxw=
-18,4,ioWyz6dH3x/Iwaa6VXNE/s2b5K4=,PVAqaPKwisWaYlEbFKegbucKmxw=
-17,4,ioWyz6dH3x/Iwaa6VXNE/s2b5K4=,PVAqaPKwisWaYlEbFKegbucKmxw=
-19,5,ioWyz6dH3x/Iwaa6VXNE/s2b5K4=,PVAqaPKwisWaYlEbFKegbucKmxw=
-19,4,ioWyz6dH3x/Iwaa6VXNE/s2b5K4=,PVAqaPKwisWaYlEbFKegbucKmxw=
-20,4,ioWyz6dH3x/Iwaa6VXNE/s2b5K4=,PVAqaPKwisWaYlEbFKegbucKmxw=
-21,4,ioWyz6dH3x/Iwaa6VXNE/s2b5K4=,PVAqaPKwisWaYlEbFKegbucKmxw=
-22,4,ioWyz6dH3x/Iwaa6VXNE/s2b5K4=,PVAqaPKwisWaYlEbFKegbucKmxw=
-23,4,ioWyz6dH3x/Iwaa6VXNE/s2b5K4=,PVAqaPKwisWaYlEbFKegbucKmxw=
-24,4,ioWyz6dH3x/Iwaa6VXNE/s2b5K4=,PVAqaPKwisWaYlEbFKegbucKmxw=
-17,3,ioWyz6dH3x/Iwaa6VXNE/s2b5K4=,PVAqaPKwisWaYlEbFKegbucKmxw=
-18,3,ioWyz6dH3x/Iwaa6VXNE/s2b5K4=,PVAqaPKwisWaYlEbFKegbucKmxw=
-19,3,ioWyz6dH3x/Iwaa6VXNE/s2b5K4=,PVAqaPKwisWaYlEbFKegbucKmxw=
-20,3,ioWyz6dH3x/Iwaa6VXNE/s2b5K4=,PVAqaPKwisWaYlEbFKegbucKmxw=
-22,3,ioWyz6dH3x/Iwaa6VXNE/s2b5K4=,PVAqaPKwisWaYlEbFKegbucKmxw=
-23,3,ioWyz6dH3x/Iwaa6VXNE/s2b5K4=,PVAqaPKwisWaYlEbFKegbucKmxw=
-24,3,ioWyz6dH3x/Iwaa6VXNE/s2b5K4=,PVAqaPKwisWaYlEbFKegbucKmxw=
-21,3,ioWyz6dH3x/Iwaa6VXNE/s2b5K4=,PVAqaPKwisWaYlEbFKegbucKmxw=
-17,2,ioWyz6dH3x/Iwaa6VXNE/s2b5K4=,PVAqaPKwisWaYlEbFKegbucKmxw=
-18,2,ioWyz6dH3x/Iwaa6VXNE/s2b5K4=,PVAqaPKwisWaYlEbFKegbucKmxw=
-19,2,ioWyz6dH3x/Iwaa6VXNE/s2b5K4=,PVAqaPKwisWaYlEbFKegbucKmxw=
-20,2,ioWyz6dH3x/Iwaa6VXNE/s2b5K4=,PVAqaPKwisWaYlEbFKegbucKmxw=
-22,2,ioWyz6dH3x/Iwaa6VXNE/s2b5K4=,PVAqaPKwisWaYlEbFKegbucKmxw=
-24,2,ioWyz6dH3x/Iwaa6VXNE/s2b5K4=,PVAqaPKwisWaYlEbFKegbucKmxw=
-23,2,ioWyz6dH3x/Iwaa6VXNE/s2b5K4=,PVAqaPKwisWaYlEbFKegbucKmxw=
-17,1,ioWyz6dH3x/Iwaa6VXNE/s2b5K4=,PVAqaPKwisWaYlEbFKegbucKmxw=
-18,1,ioWyz6dH3x/Iwaa6VXNE/s2b5K4=,PVAqaPKwisWaYlEbFKegbucKmxw=
-19,1,ioWyz6dH3x/Iwaa6VXNE/s2b5K4=,PVAqaPKwisWaYlEbFKegbucKmxw=
-22,1,ioWyz6dH3x/Iwaa6VXNE/s2b5K4=,PVAqaPKwisWaYlEbFKegbucKmxw=
-23,1,ioWyz6dH3x/Iwaa6VXNE/s2b5K4=,PVAqaPKwisWaYlEbFKegbucKmxw=
-24,1,ioWyz6dH3x/Iwaa6VXNE/s2b5K4=,PVAqaPKwisWaYlEbFKegbucKmxw=
-20,1,ioWyz6dH3x/Iwaa6VXNE/s2b5K4=,PVAqaPKwisWaYlEbFKegbucKmxw=
-17,0,ioWyz6dH3x/Iwaa6VXNE/s2b5K4=,PVAqaPKwisWaYlEbFKegbucKmxw=
-21,1,ioWyz6dH3x/Iwaa6VXNE/s2b5K4=,PVAqaPKwisWaYlEbFKegbucKmxw=
-18,0,ioWyz6dH3x/Iwaa6VXNE/s2b5K4=,PVAqaPKwisWaYlEbFKegbucKmxw=
-19,0,ioWyz6dH3x/Iwaa6VXNE/s2b5K4=,PVAqaPKwisWaYlEbFKegbucKmxw=
-22,0,ioWyz6dH3x/Iwaa6VXNE/s2b5K4=,PVAqaPKwisWaYlEbFKegbucKmxw=
-23,0,ioWyz6dH3x/Iwaa6VXNE/s2b5K4=,PVAqaPKwisWaYlEbFKegbucKmxw=
-21,0,ioWyz6dH3x/Iwaa6VXNE/s2b5K4=,PVAqaPKwisWaYlEbFKegbucKmxw=
-21,2,ioWyz6dH3x/Iwaa6VXNE/s2b5K4=,PVAqaPKwisWaYlEbFKegbucKmxw=
-20,0,ioWyz6dH3x/Iwaa6VXNE/s2b5K4=,PVAqaPKwisWaYlEbFKegbucKmxw=
-20,7,ioWyz6dH3x/Iwaa6VXNE/s2b5K4=,PVAqaPKwisWaYlEbFKegbucKmxw=
-20,15,ioWyz6dH3x/Iwaa6VXNE/s2b5K4=,F+vUUTv6clKc0d2wbQM4EmRqMnY=
-22,8,ioWyz6dH3x/Iwaa6VXNE/s2b5K4=,F+vUUTv6clKc0d2wbQM4EmRqMnY=
-19,7,ioWyz6dH3x/Iwaa6VXNE/s2b5K4=,PVAqaPKwisWaYlEbFKegbucKmxw=
-18,7,ioWyz6dH3x/Iwaa6VXNE/s2b5K4=,PVAqaPKwisWaYlEbFKegbucKmxw=
-21,8,ioWyz6dH3x/Iwaa6VXNE/s2b5K4=,F+vUUTv6clKc0d2wbQM4EmRqMnY=
-23,9,ioWyz6dH3x/Iwaa6VXNE/s2b5K4=,F+vUUTv6clKc0d2wbQM4EmRqMnY=
-24,9,ioWyz6dH3x/Iwaa6VXNE/s2b5K4=,F+vUUTv6clKc0d2wbQM4EmRqMnY=
-22,7,ioWyz6dH3x/Iwaa6VXNE/s2b5K4=,PVAqaPKwisWaYlEbFKegbucKmxw=
-23,7,ioWyz6dH3x/Iwaa6VXNE/s2b5K4=,PVAqaPKwisWaYlEbFKegbucKmxw=
-17,7,ioWyz6dH3x/Iwaa6VXNE/s2b5K4=,PVAqaPKwisWaYlEbFKegbucKmxw=
-21,7,ioWyz6dH3x/Iwaa6VXNE/s2b5K4=,PVAqaPKwisWaYlEbFKegbucKmxw=
-21,15,ioWyz6dH3x/Iwaa6VXNE/s2b5K4=,F+vUUTv6clKc0d2wbQM4EmRqMnY=
-20,8,ioWyz6dH3x/Iwaa6VXNE/s2b5K4=,F+vUUTv6clKc0d2wbQM4EmRqMnY=
-22,11,ioWyz6dH3x/Iwaa6VXNE/s2b5K4=,F+vUUTv6clKc0d2wbQM4EmRqMnY=
-19,14,ioWyz6dH3x/Iwaa6VXNE/s2b5K4=,F+vUUTv6clKc0d2wbQM4EmRqMnY=
-24,7,ioWyz6dH3x/Iwaa6VXNE/s2b5K4=,PVAqaPKwisWaYlEbFKegbucKmxw=
-21,11,ioWyz6dH3x/Iwaa6VXNE/s2b5K4=,F+vUUTv6clKc0d2wbQM4EmRqMnY=
-20,14,ioWyz6dH3x/Iwaa6VXNE/s2b5K4=,F+vUUTv6clKc0d2wbQM4EmRqMnY=
-17,8,ioWyz6dH3x/Iwaa6VXNE/s2b5K4=,F+vUUTv6clKc0d2wbQM4EmRqMnY=
-17,13,ioWyz6dH3x/Iwaa6VXNE/s2b5K4=,F+vUUTv6clKc0d2wbQM4EmRqMnY=
-23,10,ioWyz6dH3x/Iwaa6VXNE/s2b5K4=,F+vUUTv6clKc0d2wbQM4EmRqMnY=
-18,8,ioWyz6dH3x/Iwaa6VXNE/s2b5K4=,F+vUUTv6clKc0d2wbQM4EmRqMnY=
-22,14,ioWyz6dH3x/Iwaa6VXNE/s2b5K4=,F+vUUTv6clKc0d2wbQM4EmRqMnY=
-23,14,ioWyz6dH3x/Iwaa6VXNE/s2b5K4=,F+vUUTv6clKc0d2wbQM4EmRqMnY=
-24,14,ioWyz6dH3x/Iwaa6VXNE/s2b5K4=,F+vUUTv6clKc0d2wbQM4EmRqMnY=
-20,11,ioWyz6dH3x/Iwaa6VXNE/s2b5K4=,F+vUUTv6clKc0d2wbQM4EmRqMnY=
-21,14,ioWyz6dH3x/Iwaa6VXNE/s2b5K4=,F+vUUTv6clKc0d2wbQM4EmRqMnY=
-21,9,ioWyz6dH3x/Iwaa6VXNE/s2b5K4=,F+vUUTv6clKc0d2wbQM4EmRqMnY=
-18,13,ioWyz6dH3x/Iwaa6VXNE/s2b5K4=,F+vUUTv6clKc0d2wbQM4EmRqMnY=
-19,11,ioWyz6dH3x/Iwaa6VXNE/s2b5K4=,F+vUUTv6clKc0d2wbQM4EmRqMnY=
-19,13,ioWyz6dH3x/Iwaa6VXNE/s2b5K4=,F+vUUTv6clKc0d2wbQM4EmRqMnY=
-23,12,ioWyz6dH3x/Iwaa6VXNE/s2b5K4=,F+vUUTv6clKc0d2wbQM4EmRqMnY=
-22,15,ioWyz6dH3x/Iwaa6VXNE/s2b5K4=,F+vUUTv6clKc0d2wbQM4EmRqMnY=
-24,10,ioWyz6dH3x/Iwaa6VXNE/s2b5K4=,F+vUUTv6clKc0d2wbQM4EmRqMnY=
-23,15,ioWyz6dH3x/Iwaa6VXNE/s2b5K4=,F+vUUTv6clKc0d2wbQM4EmRqMnY=
-24,15,ioWyz6dH3x/Iwaa6VXNE/s2b5K4=,F+vUUTv6clKc0d2wbQM4EmRqMnY=
-20,13,ioWyz6dH3x/Iwaa6VXNE/s2b5K4=,F+vUUTv6clKc0d2wbQM4EmRqMnY=
-23,11,ioWyz6dH3x/Iwaa6VXNE/s2b5K4=,F+vUUTv6clKc0d2wbQM4EmRqMnY=
-17,14,ioWyz6dH3x/Iwaa6VXNE/s2b5K4=,F+vUUTv6clKc0d2wbQM4EmRqMnY=
-22,13,ioWyz6dH3x/Iwaa6VXNE/s2b5K4=,F+vUUTv6clKc0d2wbQM4EmRqMnY=
-17,12,ioWyz6dH3x/Iwaa6VXNE/s2b5K4=,F+vUUTv6clKc0d2wbQM4EmRqMnY=
-21,13,ioWyz6dH3x/Iwaa6VXNE/s2b5K4=,F+vUUTv6clKc0d2wbQM4EmRqMnY=
-17,9,ioWyz6dH3x/Iwaa6VXNE/s2b5K4=,F+vUUTv6clKc0d2wbQM4EmRqMnY=
-18,12,ioWyz6dH3x/Iwaa6VXNE/s2b5K4=,F+vUUTv6clKc0d2wbQM4EmRqMnY=
-21,12,ioWyz6dH3x/Iwaa6VXNE/s2b5K4=,F+vUUTv6clKc0d2wbQM4EmRqMnY=
-22,12,ioWyz6dH3x/Iwaa6VXNE/s2b5K4=,F+vUUTv6clKc0d2wbQM4EmRqMnY=
-22,9,ioWyz6dH3x/Iwaa6VXNE/s2b5K4=,F+vUUTv6clKc0d2wbQM4EmRqMnY=
-20,12,ioWyz6dH3x/Iwaa6VXNE/s2b5K4=,F+vUUTv6clKc0d2wbQM4EmRqMnY=
-23,13,ioWyz6dH3x/Iwaa6VXNE/s2b5K4=,F+vUUTv6clKc0d2wbQM4EmRqMnY=
-24,13,ioWyz6dH3x/Iwaa6VXNE/s2b5K4=,F+vUUTv6clKc0d2wbQM4EmRqMnY=
-18,14,ioWyz6dH3x/Iwaa6VXNE/s2b5K4=,F+vUUTv6clKc0d2wbQM4EmRqMnY=
-18,9,ioWyz6dH3x/Iwaa6VXNE/s2b5K4=,F+vUUTv6clKc0d2wbQM4EmRqMnY=
-19,12,ioWyz6dH3x/Iwaa6VXNE/s2b5K4=,F+vUUTv6clKc0d2wbQM4EmRqMnY=
-17,15,ioWyz6dH3x/Iwaa6VXNE/s2b5K4=,F+vUUTv6clKc0d2wbQM4EmRqMnY=
-19,8,ioWyz6dH3x/Iwaa6VXNE/s2b5K4=,F+vUUTv6clKc0d2wbQM4EmRqMnY=
-19,9,ioWyz6dH3x/Iwaa6VXNE/s2b5K4=,F+vUUTv6clKc0d2wbQM4EmRqMnY=
-18,15,ioWyz6dH3x/Iwaa6VXNE/s2b5K4=,F+vUUTv6clKc0d2wbQM4EmRqMnY=
-23,8,ioWyz6dH3x/Iwaa6VXNE/s2b5K4=,F+vUUTv6clKc0d2wbQM4EmRqMnY=
-24,11,ioWyz6dH3x/Iwaa6VXNE/s2b5K4=,F+vUUTv6clKc0d2wbQM4EmRqMnY=
-19,15,ioWyz6dH3x/Iwaa6VXNE/s2b5K4=,F+vUUTv6clKc0d2wbQM4EmRqMnY=
-17,10,ioWyz6dH3x/Iwaa6VXNE/s2b5K4=,F+vUUTv6clKc0d2wbQM4EmRqMnY=
-20,9,ioWyz6dH3x/Iwaa6VXNE/s2b5K4=,F+vUUTv6clKc0d2wbQM4EmRqMnY=
-18,10,ioWyz6dH3x/Iwaa6VXNE/s2b5K4=,F+vUUTv6clKc0d2wbQM4EmRqMnY=
-19,10,ioWyz6dH3x/Iwaa6VXNE/s2b5K4=,F+vUUTv6clKc0d2wbQM4EmRqMnY=
-22,10,ioWyz6dH3x/Iwaa6VXNE/s2b5K4=,F+vUUTv6clKc0d2wbQM4EmRqMnY=
-24,8,ioWyz6dH3x/Iwaa6VXNE/s2b5K4=,F+vUUTv6clKc0d2wbQM4EmRqMnY=
-24,12,ioWyz6dH3x/Iwaa6VXNE/s2b5K4=,F+vUUTv6clKc0d2wbQM4EmRqMnY=
-21,10,ioWyz6dH3x/Iwaa6VXNE/s2b5K4=,F+vUUTv6clKc0d2wbQM4EmRqMnY=
-20,10,ioWyz6dH3x/Iwaa6VXNE/s2b5K4=,F+vUUTv6clKc0d2wbQM4EmRqMnY=
-17,11,ioWyz6dH3x/Iwaa6VXNE/s2b5K4=,F+vUUTv6clKc0d2wbQM4EmRqMnY=
-18,11,ioWyz6dH3x/Iwaa6VXNE/s2b5K4=,F+vUUTv6clKc0d2wbQM4EmRqMnY=
-20,21,96AC9FmNjsvWpcMuEDKPk/CFdzc=,co3swSVbmDmqPGM6BCO3Sy602Q8=
-23,17,96AC9FmNjsvWpcMuEDKPk/CFdzc=,co3swSVbmDmqPGM6BCO3Sy602Q8=
-21,21,96AC9FmNjsvWpcMuEDKPk/CFdzc=,co3swSVbmDmqPGM6BCO3Sy602Q8=
-22,21,96AC9FmNjsvWpcMuEDKPk/CFdzc=,co3swSVbmDmqPGM6BCO3Sy602Q8=
-23,21,96AC9FmNjsvWpcMuEDKPk/CFdzc=,co3swSVbmDmqPGM6BCO3Sy602Q8=
-24,17,96AC9FmNjsvWpcMuEDKPk/CFdzc=,co3swSVbmDmqPGM6BCO3Sy602Q8=
-24,21,96AC9FmNjsvWpcMuEDKPk/CFdzc=,co3swSVbmDmqPGM6BCO3Sy602Q8=
-17,18,96AC9FmNjsvWpcMuEDKPk/CFdzc=,co3swSVbmDmqPGM6BCO3Sy602Q8=
-19,20,96AC9FmNjsvWpcMuEDKPk/CFdzc=,co3swSVbmDmqPGM6BCO3Sy602Q8=
-18,20,96AC9FmNjsvWpcMuEDKPk/CFdzc=,co3swSVbmDmqPGM6BCO3Sy602Q8=
-17,20,96AC9FmNjsvWpcMuEDKPk/CFdzc=,co3swSVbmDmqPGM6BCO3Sy602Q8=
-21,16,96AC9FmNjsvWpcMuEDKPk/CFdzc=,co3swSVbmDmqPGM6BCO3Sy602Q8=
-23,18,96AC9FmNjsvWpcMuEDKPk/CFdzc=,co3swSVbmDmqPGM6BCO3Sy602Q8=
-24,18,96AC9FmNjsvWpcMuEDKPk/CFdzc=,co3swSVbmDmqPGM6BCO3Sy602Q8=
-19,18,96AC9FmNjsvWpcMuEDKPk/CFdzc=,co3swSVbmDmqPGM6BCO3Sy602Q8=
-18,18,96AC9FmNjsvWpcMuEDKPk/CFdzc=,co3swSVbmDmqPGM6BCO3Sy602Q8=
-21,19,96AC9FmNjsvWpcMuEDKPk/CFdzc=,co3swSVbmDmqPGM6BCO3Sy602Q8=
-22,19,96AC9FmNjsvWpcMuEDKPk/CFdzc=,co3swSVbmDmqPGM6BCO3Sy602Q8=
-23,19,96AC9FmNjsvWpcMuEDKPk/CFdzc=,co3swSVbmDmqPGM6BCO3Sy602Q8=
-24,19,96AC9FmNjsvWpcMuEDKPk/CFdzc=,co3swSVbmDmqPGM6BCO3Sy602Q8=
-22,16,96AC9FmNjsvWpcMuEDKPk/CFdzc=,co3swSVbmDmqPGM6BCO3Sy602Q8=
-20,19,96AC9FmNjsvWpcMuEDKPk/CFdzc=,co3swSVbmDmqPGM6BCO3Sy602Q8=
-23,16,96AC9FmNjsvWpcMuEDKPk/CFdzc=,co3swSVbmDmqPGM6BCO3Sy602Q8=
-20,20,96AC9FmNjsvWpcMuEDKPk/CFdzc=,co3swSVbmDmqPGM6BCO3Sy602Q8=
-19,19,96AC9FmNjsvWpcMuEDKPk/CFdzc=,co3swSVbmDmqPGM6BCO3Sy602Q8=
-22,20,96AC9FmNjsvWpcMuEDKPk/CFdzc=,co3swSVbmDmqPGM6BCO3Sy602Q8=
-23,20,96AC9FmNjsvWpcMuEDKPk/CFdzc=,co3swSVbmDmqPGM6BCO3Sy602Q8=
-24,20,96AC9FmNjsvWpcMuEDKPk/CFdzc=,co3swSVbmDmqPGM6BCO3Sy602Q8=
-21,20,96AC9FmNjsvWpcMuEDKPk/CFdzc=,co3swSVbmDmqPGM6BCO3Sy602Q8=
-17,19,96AC9FmNjsvWpcMuEDKPk/CFdzc=,co3swSVbmDmqPGM6BCO3Sy602Q8=
-17,16,96AC9FmNjsvWpcMuEDKPk/CFdzc=,co3swSVbmDmqPGM6BCO3Sy602Q8=
-17,23,96AC9FmNjsvWpcMuEDKPk/CFdzc=,co3swSVbmDmqPGM6BCO3Sy602Q8=
-20,18,96AC9FmNjsvWpcMuEDKPk/CFdzc=,co3swSVbmDmqPGM6BCO3Sy602Q8=
-18,19,96AC9FmNjsvWpcMuEDKPk/CFdzc=,co3swSVbmDmqPGM6BCO3Sy602Q8=
-18,23,96AC9FmNjsvWpcMuEDKPk/CFdzc=,co3swSVbmDmqPGM6BCO3Sy602Q8=
-19,23,96AC9FmNjsvWpcMuEDKPk/CFdzc=,co3swSVbmDmqPGM6BCO3Sy602Q8=
-24,16,96AC9FmNjsvWpcMuEDKPk/CFdzc=,co3swSVbmDmqPGM6BCO3Sy602Q8=
-17,17,96AC9FmNjsvWpcMuEDKPk/CFdzc=,co3swSVbmDmqPGM6BCO3Sy602Q8=
-21,18,96AC9FmNjsvWpcMuEDKPk/CFdzc=,co3swSVbmDmqPGM6BCO3Sy602Q8=
-18,16,96AC9FmNjsvWpcMuEDKPk/CFdzc=,co3swSVbmDmqPGM6BCO3Sy602Q8=
-18,17,96AC9FmNjsvWpcMuEDKPk/CFdzc=,co3swSVbmDmqPGM6BCO3Sy602Q8=
-19,17,96AC9FmNjsvWpcMuEDKPk/CFdzc=,co3swSVbmDmqPGM6BCO3Sy602Q8=
-22,17,96AC9FmNjsvWpcMuEDKPk/CFdzc=,co3swSVbmDmqPGM6BCO3Sy602Q8=
-20,23,96AC9FmNjsvWpcMuEDKPk/CFdzc=,co3swSVbmDmqPGM6BCO3Sy602Q8=
-21,23,96AC9FmNjsvWpcMuEDKPk/CFdzc=,co3swSVbmDmqPGM6BCO3Sy602Q8=
-22,23,96AC9FmNjsvWpcMuEDKPk/CFdzc=,co3swSVbmDmqPGM6BCO3Sy602Q8=
-23,23,96AC9FmNjsvWpcMuEDKPk/CFdzc=,co3swSVbmDmqPGM6BCO3Sy602Q8=
-24,23,96AC9FmNjsvWpcMuEDKPk/CFdzc=,co3swSVbmDmqPGM6BCO3Sy602Q8=
-20,17,96AC9FmNjsvWpcMuEDKPk/CFdzc=,co3swSVbmDmqPGM6BCO3Sy602Q8=
-17,22,96AC9FmNjsvWpcMuEDKPk/CFdzc=,co3swSVbmDmqPGM6BCO3Sy602Q8=
-18,22,96AC9FmNjsvWpcMuEDKPk/CFdzc=,co3swSVbmDmqPGM6BCO3Sy602Q8=
-19,22,96AC9FmNjsvWpcMuEDKPk/CFdzc=,co3swSVbmDmqPGM6BCO3Sy602Q8=
-20,22,96AC9FmNjsvWpcMuEDKPk/CFdzc=,co3swSVbmDmqPGM6BCO3Sy602Q8=
-22,18,96AC9FmNjsvWpcMuEDKPk/CFdzc=,co3swSVbmDmqPGM6BCO3Sy602Q8=
-21,22,96AC9FmNjsvWpcMuEDKPk/CFdzc=,co3swSVbmDmqPGM6BCO3Sy602Q8=
-22,22,96AC9FmNjsvWpcMuEDKPk/CFdzc=,co3swSVbmDmqPGM6BCO3Sy602Q8=
-23,22,96AC9FmNjsvWpcMuEDKPk/CFdzc=,co3swSVbmDmqPGM6BCO3Sy602Q8=
-24,22,96AC9FmNjsvWpcMuEDKPk/CFdzc=,co3swSVbmDmqPGM6BCO3Sy602Q8=
-21,17,96AC9FmNjsvWpcMuEDKPk/CFdzc=,co3swSVbmDmqPGM6BCO3Sy602Q8=
-17,21,96AC9FmNjsvWpcMuEDKPk/CFdzc=,co3swSVbmDmqPGM6BCO3Sy602Q8=
-18,21,96AC9FmNjsvWpcMuEDKPk/CFdzc=,co3swSVbmDmqPGM6BCO3Sy602Q8=
-19,21,96AC9FmNjsvWpcMuEDKPk/CFdzc=,co3swSVbmDmqPGM6BCO3Sy602Q8=
-19,16,96AC9FmNjsvWpcMuEDKPk/CFdzc=,co3swSVbmDmqPGM6BCO3Sy602Q8=
-20,16,96AC9FmNjsvWpcMuEDKPk/CFdzc=,co3swSVbmDmqPGM6BCO3Sy602Q8=
-10,23,H9GeQdUl8ABWIMuiiuw/CEa2iHw=,RselMPA6rftfF6OAwJbEhSnY//o=
-11,23,Ni4VeVJUddKMENGJ0T878cWYe8Y=,RselMPA6rftfF6OAwJbEhSnY//o=
-12,23,Ni4VeVJUddKMENGJ0T878cWYe8Y=,RselMPA6rftfF6OAwJbEhSnY//o=
-12,19,Ni4VeVJUddKMENGJ0T878cWYe8Y=,RselMPA6rftfF6OAwJbEhSnY//o=
-13,23,Ni4VeVJUddKMENGJ0T878cWYe8Y=,RselMPA6rftfF6OAwJbEhSnY//o=
-10,19,Ni4VeVJUddKMENGJ0T878cWYe8Y=,RselMPA6rftfF6OAwJbEhSnY//o=
-16,18,Ni4VeVJUddKMENGJ0T878cWYe8Y=,RselMPA6rftfF6OAwJbEhSnY//o=
-14,17,Ni4VeVJUddKMENGJ0T878cWYe8Y=,RselMPA6rftfF6OAwJbEhSnY//o=
-16,20,Ni4VeVJUddKMENGJ0T878cWYe8Y=,RselMPA6rftfF6OAwJbEhSnY//o=
-10,18,Ni4VeVJUddKMENGJ0T878cWYe8Y=,RselMPA6rftfF6OAwJbEhSnY//o=
-15,20,Ni4VeVJUddKMENGJ0T878cWYe8Y=,RselMPA6rftfF6OAwJbEhSnY//o=
-14,20,Ni4VeVJUddKMENGJ0T878cWYe8Y=,RselMPA6rftfF6OAwJbEhSnY//o=
-13,20,Ni4VeVJUddKMENGJ0T878cWYe8Y=,RselMPA6rftfF6OAwJbEhSnY//o=
-11,20,Ni4VeVJUddKMENGJ0T878cWYe8Y=,RselMPA6rftfF6OAwJbEhSnY//o=
-15,18,Ni4VeVJUddKMENGJ0T878cWYe8Y=,RselMPA6rftfF6OAwJbEhSnY//o=
-12,20,Ni4VeVJUddKMENGJ0T878cWYe8Y=,RselMPA6rftfF6OAwJbEhSnY//o=
-13,17,Ni4VeVJUddKMENGJ0T878cWYe8Y=,RselMPA6rftfF6OAwJbEhSnY//o=
-16,21,Ni4VeVJUddKMENGJ0T878cWYe8Y=,RselMPA6rftfF6OAwJbEhSnY//o=
-15,21,Ni4VeVJUddKMENGJ0T878cWYe8Y=,RselMPA6rftfF6OAwJbEhSnY//o=
-14,21,Ni4VeVJUddKMENGJ0T878cWYe8Y=,RselMPA6rftfF6OAwJbEhSnY//o=
-13,21,Ni4VeVJUddKMENGJ0T878cWYe8Y=,RselMPA6rftfF6OAwJbEhSnY//o=
-10,20,Ni4VeVJUddKMENGJ0T878cWYe8Y=,RselMPA6rftfF6OAwJbEhSnY//o=
-16,17,Ni4VeVJUddKMENGJ0T878cWYe8Y=,RselMPA6rftfF6OAwJbEhSnY//o=
-15,17,Ni4VeVJUddKMENGJ0T878cWYe8Y=,RselMPA6rftfF6OAwJbEhSnY//o=
-14,18,Ni4VeVJUddKMENGJ0T878cWYe8Y=,RselMPA6rftfF6OAwJbEhSnY//o=
-12,21,Ni4VeVJUddKMENGJ0T878cWYe8Y=,RselMPA6rftfF6OAwJbEhSnY//o=
-12,17,Ni4VeVJUddKMENGJ0T878cWYe8Y=,RselMPA6rftfF6OAwJbEhSnY//o=
-11,21,Ni4VeVJUddKMENGJ0T878cWYe8Y=,RselMPA6rftfF6OAwJbEhSnY//o=
-10,21,Ni4VeVJUddKMENGJ0T878cWYe8Y=,RselMPA6rftfF6OAwJbEhSnY//o=
-16,22,Ni4VeVJUddKMENGJ0T878cWYe8Y=,RselMPA6rftfF6OAwJbEhSnY//o=
-13,18,Ni4VeVJUddKMENGJ0T878cWYe8Y=,RselMPA6rftfF6OAwJbEhSnY//o=
-15,22,Ni4VeVJUddKMENGJ0T878cWYe8Y=,RselMPA6rftfF6OAwJbEhSnY//o=
-14,22,Ni4VeVJUddKMENGJ0T878cWYe8Y=,RselMPA6rftfF6OAwJbEhSnY//o=
-11,17,Ni4VeVJUddKMENGJ0T878cWYe8Y=,RselMPA6rftfF6OAwJbEhSnY//o=
-12,22,Ni4VeVJUddKMENGJ0T878cWYe8Y=,RselMPA6rftfF6OAwJbEhSnY//o=
-11,22,Ni4VeVJUddKMENGJ0T878cWYe8Y=,RselMPA6rftfF6OAwJbEhSnY//o=
-10,22,Ni4VeVJUddKMENGJ0T878cWYe8Y=,RselMPA6rftfF6OAwJbEhSnY//o=
-16,19,Ni4VeVJUddKMENGJ0T878cWYe8Y=,RselMPA6rftfF6OAwJbEhSnY//o=
-16,23,Ni4VeVJUddKMENGJ0T878cWYe8Y=,RselMPA6rftfF6OAwJbEhSnY//o=
-15,23,Ni4VeVJUddKMENGJ0T878cWYe8Y=,RselMPA6rftfF6OAwJbEhSnY//o=
-13,22,Ni4VeVJUddKMENGJ0T878cWYe8Y=,RselMPA6rftfF6OAwJbEhSnY//o=
-14,23,Ni4VeVJUddKMENGJ0T878cWYe8Y=,RselMPA6rftfF6OAwJbEhSnY//o=
-12,18,Ni4VeVJUddKMENGJ0T878cWYe8Y=,RselMPA6rftfF6OAwJbEhSnY//o=
-15,19,Ni4VeVJUddKMENGJ0T878cWYe8Y=,RselMPA6rftfF6OAwJbEhSnY//o=
-10,17,Ni4VeVJUddKMENGJ0T878cWYe8Y=,RselMPA6rftfF6OAwJbEhSnY//o=
-11,18,Ni4VeVJUddKMENGJ0T878cWYe8Y=,RselMPA6rftfF6OAwJbEhSnY//o=
-13,19,Ni4VeVJUddKMENGJ0T878cWYe8Y=,RselMPA6rftfF6OAwJbEhSnY//o=
-11,19,Ni4VeVJUddKMENGJ0T878cWYe8Y=,RselMPA6rftfF6OAwJbEhSnY//o=
-9,23,Ni4VeVJUddKMENGJ0T878cWYe8Y=,RselMPA6rftfF6OAwJbEhSnY//o=
-14,19,Ni4VeVJUddKMENGJ0T878cWYe8Y=,RselMPA6rftfF6OAwJbEhSnY//o=
-1,23,Ni4VeVJUddKMENGJ0T878cWYe8Y=,b4EWCpY5bgqv7EKjqlCWzM0cwuM=
-2,23,Ni4VeVJUddKMENGJ0T878cWYe8Y=,b4EWCpY5bgqv7EKjqlCWzM0cwuM=
-3,23,Ni4VeVJUddKMENGJ0T878cWYe8Y=,b4EWCpY5bgqv7EKjqlCWzM0cwuM=
-6,19,Ni4VeVJUddKMENGJ0T878cWYe8Y=,b4EWCpY5bgqv7EKjqlCWzM0cwuM=
-5,19,Ni4VeVJUddKMENGJ0T878cWYe8Y=,b4EWCpY5bgqv7EKjqlCWzM0cwuM=
-9,19,Ni4VeVJUddKMENGJ0T878cWYe8Y=,RselMPA6rftfF6OAwJbEhSnY//o=
-7,19,Ni4VeVJUddKMENGJ0T878cWYe8Y=,b4EWCpY5bgqv7EKjqlCWzM0cwuM=
-8,19,Ni4VeVJUddKMENGJ0T878cWYe8Y=,b4EWCpY5bgqv7EKjqlCWzM0cwuM=
-4,23,Ni4VeVJUddKMENGJ0T878cWYe8Y=,b4EWCpY5bgqv7EKjqlCWzM0cwuM=
-5,23,Ni4VeVJUddKMENGJ0T878cWYe8Y=,b4EWCpY5bgqv7EKjqlCWzM0cwuM=
-4,19,Ni4VeVJUddKMENGJ0T878cWYe8Y=,b4EWCpY5bgqv7EKjqlCWzM0cwuM=
-1,18,Ni4VeVJUddKMENGJ0T878cWYe8Y=,b4EWCpY5bgqv7EKjqlCWzM0cwuM=
-3,19,Ni4VeVJUddKMENGJ0T878cWYe8Y=,b4EWCpY5bgqv7EKjqlCWzM0cwuM=
-9,17,Ni4VeVJUddKMENGJ0T878cWYe8Y=,RselMPA6rftfF6OAwJbEhSnY//o=
-2,18,Ni4VeVJUddKMENGJ0T878cWYe8Y=,b4EWCpY5bgqv7EKjqlCWzM0cwuM=
-6,23,Ni4VeVJUddKMENGJ0T878cWYe8Y=,b4EWCpY5bgqv7EKjqlCWzM0cwuM=
-7,23,Ni4VeVJUddKMENGJ0T878cWYe8Y=,b4EWCpY5bgqv7EKjqlCWzM0cwuM=
-8,23,Ni4VeVJUddKMENGJ0T878cWYe8Y=,b4EWCpY5bgqv7EKjqlCWzM0cwuM=
-1,22,Ni4VeVJUddKMENGJ0T878cWYe8Y=,b4EWCpY5bgqv7EKjqlCWzM0cwuM=
-2,22,Ni4VeVJUddKMENGJ0T878cWYe8Y=,b4EWCpY5bgqv7EKjqlCWzM0cwuM=
-3,22,Ni4VeVJUddKMENGJ0T878cWYe8Y=,b4EWCpY5bgqv7EKjqlCWzM0cwuM=
-2,19,Ni4VeVJUddKMENGJ0T878cWYe8Y=,b4EWCpY5bgqv7EKjqlCWzM0cwuM=
-4,18,Ni4VeVJUddKMENGJ0T878cWYe8Y=,b4EWCpY5bgqv7EKjqlCWzM0cwuM=
-3,18,Ni4VeVJUddKMENGJ0T878cWYe8Y=,b4EWCpY5bgqv7EKjqlCWzM0cwuM=
-5,18,Ni4VeVJUddKMENGJ0T878cWYe8Y=,b4EWCpY5bgqv7EKjqlCWzM0cwuM=
-4,22,Ni4VeVJUddKMENGJ0T878cWYe8Y=,b4EWCpY5bgqv7EKjqlCWzM0cwuM=
-1,19,Ni4VeVJUddKMENGJ0T878cWYe8Y=,b4EWCpY5bgqv7EKjqlCWzM0cwuM=
-7,18,Ni4VeVJUddKMENGJ0T878cWYe8Y=,b4EWCpY5bgqv7EKjqlCWzM0cwuM=
-5,22,Ni4VeVJUddKMENGJ0T878cWYe8Y=,b4EWCpY5bgqv7EKjqlCWzM0cwuM=
-6,18,Ni4VeVJUddKMENGJ0T878cWYe8Y=,b4EWCpY5bgqv7EKjqlCWzM0cwuM=
-6,22,Ni4VeVJUddKMENGJ0T878cWYe8Y=,b4EWCpY5bgqv7EKjqlCWzM0cwuM=
-7,22,Ni4VeVJUddKMENGJ0T878cWYe8Y=,b4EWCpY5bgqv7EKjqlCWzM0cwuM=
-8,20,Ni4VeVJUddKMENGJ0T878cWYe8Y=,b4EWCpY5bgqv7EKjqlCWzM0cwuM=
-8,18,Ni4VeVJUddKMENGJ0T878cWYe8Y=,b4EWCpY5bgqv7EKjqlCWzM0cwuM=
-1,17,Ni4VeVJUddKMENGJ0T878cWYe8Y=,b4EWCpY5bgqv7EKjqlCWzM0cwuM=
-7,20,Ni4VeVJUddKMENGJ0T878cWYe8Y=,b4EWCpY5bgqv7EKjqlCWzM0cwuM=
-6,20,Ni4VeVJUddKMENGJ0T878cWYe8Y=,b4EWCpY5bgqv7EKjqlCWzM0cwuM=
-2,17,Ni4VeVJUddKMENGJ0T878cWYe8Y=,b4EWCpY5bgqv7EKjqlCWzM0cwuM=
-8,22,Ni4VeVJUddKMENGJ0T878cWYe8Y=,b4EWCpY5bgqv7EKjqlCWzM0cwuM=
-1,21,Ni4VeVJUddKMENGJ0T878cWYe8Y=,b4EWCpY5bgqv7EKjqlCWzM0cwuM=
-2,21,Ni4VeVJUddKMENGJ0T878cWYe8Y=,b4EWCpY5bgqv7EKjqlCWzM0cwuM=
-9,22,Ni4VeVJUddKMENGJ0T878cWYe8Y=,RselMPA6rftfF6OAwJbEhSnY//o=
-5,20,Ni4VeVJUddKMENGJ0T878cWYe8Y=,b4EWCpY5bgqv7EKjqlCWzM0cwuM=
-3,17,Ni4VeVJUddKMENGJ0T878cWYe8Y=,b4EWCpY5bgqv7EKjqlCWzM0cwuM=
-4,17,Ni4VeVJUddKMENGJ0T878cWYe8Y=,b4EWCpY5bgqv7EKjqlCWzM0cwuM=
-5,17,Ni4VeVJUddKMENGJ0T878cWYe8Y=,b4EWCpY5bgqv7EKjqlCWzM0cwuM=
-3,21,Ni4VeVJUddKMENGJ0T878cWYe8Y=,b4EWCpY5bgqv7EKjqlCWzM0cwuM=
-4,20,Ni4VeVJUddKMENGJ0T878cWYe8Y=,b4EWCpY5bgqv7EKjqlCWzM0cwuM=
-6,17,Ni4VeVJUddKMENGJ0T878cWYe8Y=,b4EWCpY5bgqv7EKjqlCWzM0cwuM=
-4,21,Ni4VeVJUddKMENGJ0T878cWYe8Y=,b4EWCpY5bgqv7EKjqlCWzM0cwuM=
-5,21,Ni4VeVJUddKMENGJ0T878cWYe8Y=,b4EWCpY5bgqv7EKjqlCWzM0cwuM=
-7,17,Ni4VeVJUddKMENGJ0T878cWYe8Y=,b4EWCpY5bgqv7EKjqlCWzM0cwuM=
-8,17,Ni4VeVJUddKMENGJ0T878cWYe8Y=,b4EWCpY5bgqv7EKjqlCWzM0cwuM=
-9,20,Ni4VeVJUddKMENGJ0T878cWYe8Y=,RselMPA6rftfF6OAwJbEhSnY//o=
-6,21,Ni4VeVJUddKMENGJ0T878cWYe8Y=,b4EWCpY5bgqv7EKjqlCWzM0cwuM=
-7,21,Ni4VeVJUddKMENGJ0T878cWYe8Y=,b4EWCpY5bgqv7EKjqlCWzM0cwuM=
-8,21,Ni4VeVJUddKMENGJ0T878cWYe8Y=,b4EWCpY5bgqv7EKjqlCWzM0cwuM=
-1,20,Ni4VeVJUddKMENGJ0T878cWYe8Y=,b4EWCpY5bgqv7EKjqlCWzM0cwuM=
-9,21,Ni4VeVJUddKMENGJ0T878cWYe8Y=,RselMPA6rftfF6OAwJbEhSnY//o=
-2,20,Ni4VeVJUddKMENGJ0T878cWYe8Y=,b4EWCpY5bgqv7EKjqlCWzM0cwuM=
-3,20,Ni4VeVJUddKMENGJ0T878cWYe8Y=,b4EWCpY5bgqv7EKjqlCWzM0cwuM=
-9,18,Ni4VeVJUddKMENGJ0T878cWYe8Y=,RselMPA6rftfF6OAwJbEhSnY//o=
